,SpmID,Spm,Snitt (μ),Varians (σ²),Std.avvik (σ)
1,c54222a1-f817-5742-b6fa-1d156f5b4ccc,Det må bli slutt på at kommunene får lov å kreve inn eiendomsskatt på boliger.,-0.05555555555555555,3.7026143790849666,1.9242178616479388
2,d1d904bd-b4fa-5c93-9acb-49890b51b065,Det er bra at oljeselskapene fortsatt får lete etter olje og gass.,0.6111111111111112,3.663398692810457,1.9140007034508784
3,83df4360-232f-5b1c-8609-edb0620e1500,Det er fornuftig at utenlandske studenter på norske universitet betaler skolepenger.,0.2777777777777778,3.624183006535948,1.9037287113808912
4,c9fda072-ff26-551c-a4b3-2e4ec5d71a3c,Bru- og tunnelprosjektet Møreaksen mellom Sunnmøre og Romsdal bør droppes for godt.,0.3888888888888889,3.545751633986928,1.8830166313622745
5,91a223ca-6636-4026-8fc0-2555e664422f,Innfør et nasjonalt månedskort som gjør at du kan reise billig kollektivt overalt.,0.3888888888888889,3.5457516339869275,1.8830166313622743
6,3a8f35fd-d623-5e7b-9fff-f2c41eaeaa7f,I noen områder bør politiet få ransake for våpen uten å ha konkret mistanke.,0.0,3.5294117647058822,1.8786728732554485
7,2d576079-1b83-5579-a33c-9eb57f63b0f1,Vi bør kutte litt i budsjettene til alt staten driver med hvert år.,0.1111111111111111,3.516339869281046,1.8751906221184678
8,6b50ce41-b5c5-5434-a9ac-16fc818ea550,Politiet må ha lov til å ta spyttprøver ved mistanke om bruk av ulovlige rusmidler.,-0.1111111111111111,3.5163398692810457,1.8751906221184675
